Timestamp,Node_ID,Event_Type,Security_Hash,Status
2026-03-20T08:12:01,Node_001,SQL_INJECTION_BLOCKED,0x8f2d5a1b32,Verified
2026-03-20T10:15:22,Node_042,DDoS_MITIGATION,0x3e1a8f9c21,Verified
2026-03-20T12:01:45,Node_189,XSS_ATTACK_PREVENTED,0x9c4f1d7e33,Verified
2026-03-20T14:12:10,Node_077,API_ANOMALY_DETECTED,0x2b8e5c1a92,Verified
2026-03-20T16:45:33,Node_112,SQL_INJECTION_BLOCKED,0x5a1d9f0b22,Verified
2026-03-21T09:30:15,Node_005,DDoS_MITIGATION,0x4f1a9b2c3d,Verified
2026-03-21T11:45:20,Node_012,XSS_ATTACK_PREVENTED,0x7d3e2a1b9c,Verified
2026-03-21T13:10:05,Node_099,API_ANOMALY_DETECTED,0x1b4e2d3f91,Verified
2026-03-21T15:22:44,Node_154,SQL_INJECTION_BLOCKED,0x6c9f2b1a03,Verified
2026-03-21T17:50:12,Node_200,DDoS_MITIGATION,0x9f1a2b3c4d,Verified
2026-03-22T08:05:00,Node_018,SQL_INJECTION_BLOCKED,0x1a2b3c4d5e,Verified
2026-03-22T10:20:11,Node_056,XSS_ATTACK_PREVENTED,0x2c3d4e5f6g,Verified
2026-03-22T12:45:30,Node_122,DDoS_MITIGATION,0x3d4e5f6g7h,Verified
2026-03-22T14:50:45,Node_088,API_ANOMALY_DETECTED,0x4e5f6g7h8i,Verified
2026-03-22T16:15:00,Node_034,SQL_INJECTION_BLOCKED,0x5f6g7h8i9j,Verified
2026-03-23T09:10:22,Node_145,DDoS_MITIGATION,0x6g7h8i9j0k,Verified
2026-03-23T11:25:33,Node_023,XSS_ATTACK_PREVENTED,0x7h8i9j0k1l,Verified
2026-03-23T13:40:44,Node_167,API_ANOMALY_DETECTED,0x8i9j0k1l2m,Verified
2026-03-23T15:55:55,Node_009,SQL_INJECTION_BLOCKED,0x9j0k1l2m3n,Verified
2026-03-23T17:10:06,Node_198,DDoS_MITIGATION,0x0k1l2m3n4o,Verified
2026-03-24T08:15:15,Node_067,XSS_ATTACK_PREVENTED,0x1l2m3n4o5p,Verified
2026-03-24T10:30:25,Node_045,API_ANOMALY_DETECTED,0x2m3n4o5p6q,Verified
2026-03-24T12:55:35,Node_132,SQL_INJECTION_BLOCKED,0x3n4o5p6q7r,Verified
2026-03-24T14:10:45,Node_021,DDoS_MITIGATION,0x4o5p6q7r8s,Verified
2026-03-24T16:25:55,Node_176,XSS_ATTACK_PREVENTED,0x5p6q7r8s9t,Verified
2026-03-25T09:40:05,Node_004,API_ANOMALY_DETECTED,0x6q7r8s9t0u,Verified
2026-03-25T11:55:15,Node_111,SQL_INJECTION_BLOCKED,0x7r8s9t0u1v,Verified
2026-03-25T13:10:25,Node_054,DDoS_MITIGATION,0x8s9t0u1v2w,Verified
2026-03-25T15:25:35,Node_187,XSS_ATTACK_PREVENTED,0x9t0u1v2w3x,Verified
2026-03-25T17:40:45,Node_031,API_ANOMALY_DETECTED,0x0u1v2w3x4y,Verified
2026-03-26T08:55:55,Node_142,SQL_INJECTION_BLOCKED,0x1v2w3x4y5z,Verified
2026-03-26T10:10:05,Node_066,DDoS_MITIGATION,0x2w3x4y5z1a,Verified
2026-03-26T12:25:15,Node_123,XSS_ATTACK_PREVENTED,0x3x4y5z1a2b,Verified
2026-03-26T14:40:25,Node_008,API_ANOMALY_DETECTED,0x4y5z1a2b3c,Verified
2026-03-26T16:55:35,Node_191,SQL_INJECTION_BLOCKED,0x5z1a2b3c4d,Verified
2026-03-27T09:15:45,Node_044,DDoS_MITIGATION,0x6a2b3c4d5e,Verified
2026-03-27T11:30:55,Node_131,XSS_ATTACK_PREVENTED,0x7b3c4d5e6f,Verified
2026-03-27T13:45:05,Node_022,API_ANOMALY_DETECTED,0x8c4d5e6f7g,Verified
2026-03-27T15:10:15,Node_166,SQL_INJECTION_BLOCKED,0x9d5e6f7g8h,Verified
2026-03-27T17:25:25,Node_010,DDoS_MITIGATION,0x0e6f7g8h9i,Verified
2026-03-28T08:40:35,Node_186,XSS_ATTACK_PREVENTED,0x1f7g8h9i0j,Verified
2026-03-28T10:55:45,Node_032,API_ANOMALY_DETECTED,0x2g8h9i0j1k,Verified
2026-03-28T12:10:55,Node_143,SQL_INJECTION_BLOCKED,0x3h9i0j1k2l,Verified
2026-03-28T14:25:05,Node_065,DDoS_MITIGATION,0x4i0j1k2l3m,Verified
2026-03-28T16:40:15,Node_124,XSS_ATTACK_PREVENTED,0x5j1k2l3m4n,Verified
2026-03-29T09:55:25,Node_007,API_ANOMALY_DETECTED,0x6k2l3m4n5o,Verified
2026-03-29T11:10:35,Node_192,SQL_INJECTION_BLOCKED,0x7l3m4n5o6p,Verified
2026-03-29T13:25:45,Node_043,DDoS_MITIGATION,0x8m4n5o6p7q,Verified
2026-03-29T15:40:55,Node_133,XSS_ATTACK_PREVENTED,0x9n5o6p7q8r,Verified
2026-03-29T17:55:05,Node_025,API_ANOMALY_DETECTED,0x0o6p7q8r9s,Verified
2026-03-30T08:10:15,Node_165,SQL_INJECTION_BLOCKED,0x1p7q8r9s0t,Verified
2026-03-30T10:25:25,Node_011,DDoS_MITIGATION,0x2q8r9s0t1u,Verified
2026-03-30T12:40:35,Node_185,XSS_ATTACK_PREVENTED,0x3r9s0t1u2v,Verified
2026-03-30T14:55:45,Node_033,API_ANOMALY_DETECTED,0x4s0t1u2v3w,Verified
2026-03-30T16:10:55,Node_144,SQL_INJECTION_BLOCKED,0x5t1u2v3w4x,Verified
2026-03-31T09:25:05,Node_064,DDoS_MITIGATION,0x6u2v3w4x5y,Verified
2026-03-31T11:40:15,Node_125,XSS_ATTACK_PREVENTED,0x7v3w4x5y6z,Verified
2026-03-31T13:55:25,Node_006,API_ANOMALY_DETECTED,0x8w4x5y6z1a,Verified
2026-03-31T15:10:35,Node_193,SQL_INJECTION_BLOCKED,0x9x5y6z1a2b,Verified
2026-03-31T17:25:45,Node_046,DDoS_MITIGATION,0x0y6z1a2b3c,Verified
2026-04-01T08:40:55,Node_134,XSS_ATTACK_PREVENTED,0x1z1a2b3c4d,Verified
2026-04-01T10:55:05,Node_024,API_ANOMALY_DETECTED,0x2a2b3c4d5e,Verified
2026-04-01T12:10:15,Node_164,SQL_INJECTION_BLOCKED,0x3b3c4d5e6f,Verified
2026-04-01T14:25:25,Node_012,DDoS_MITIGATION,0x4c4d5e6f7g,Verified
2026-04-01T16:40:35,Node_184,XSS_ATTACK_PREVENTED,0x5d5e6f7g8h,Verified
2026-04-02T09:55:45,Node_034,API_ANOMALY_DETECTED,0x6e6f7g8h9i,Verified
2026-04-02T11:10:55,Node_145,SQL_INJECTION_BLOCKED,0x7f7g8h9i0j,Verified
2026-04-02T13:25:05,Node_063,DDoS_MITIGATION,0x8g8h9i0j1k,Verified
2026-04-02T15:40:15,Node_126,XSS_ATTACK_PREVENTED,0x9h9i0j1k2l,Verified
2026-04-02T17:55:25,Node_005,API_ANOMALY_DETECTED,0x0i0j1k2l3m,Verified
2026-04-03T08:10:35,Node_194,SQL_INJECTION_BLOCKED,0x1j1k2l3m4n,Verified
2026-04-03T10:25:45,Node_047,DDoS_MITIGATION,0x2k2l3m4n5o,Verified
2026-04-03T12:40:55,Node_135,XSS_ATTACK_PREVENTED,0x3l3m4n5o6p,Verified
2026-04-03T14:55:05,Node_026,API_ANOMALY_DETECTED,0x4m4n5o6p7q,Verified
2026-04-03T16:10:15,Node_163,SQL_INJECTION_BLOCKED,0x5n5o6p7q8r,Verified
2026-04-04T09:25:25,Node_013,DDoS_MITIGATION,0x6o6p7q8r9s,Verified
2026-04-04T11:40:35,Node_183,XSS_ATTACK_PREVENTED,0x7p7q8r9s0t,Verified
2026-04-04T13:55:45,Node_035,API_ANOMALY_DETECTED,0x8q8r9s0t1u,Verified
2026-04-04T15:10:55,Node_146,SQL_INJECTION_BLOCKED,0x9r9s0t1u2v,Verified
2026-04-04T17:25:05,Node_062,DDoS_MITIGATION,0x0s0t1u2v3w,Verified
2026-04-05T08:40:15,Node_127,XSS_ATTACK_PREVENTED,0x1t1u2v3w4x,Verified
2026-04-05T10:55:25,Node_004,API_ANOMALY_DETECTED,0x2u2v3w4x5y,Verified
2026-04-05T12:10:35,Node_195,SQL_INJECTION_BLOCKED,0x3v3w4x5y6z,Verified
2026-04-05T14:25:45,Node_048,DDoS_MITIGATION,0x4w4x5y6z1a,Verified
2026-04-05T16:40:55,Node_136,XSS_ATTACK_PREVENTED,0x5x5y6z1a2b,Verified
2026-04-06T09:55:05,Node_027,API_ANOMALY_DETECTED,0x6y6z1a2b3c,Verified
2026-04-06T11:10:15,Node_162,SQL_INJECTION_BLOCKED,0x7z1a2b3c4d,Verified
2026-04-06T13:25:25,Node_014,DDoS_MITIGATION,0x8a2b3c4d5e,Verified
2026-04-06T15:40:35,Node_182,XSS_ATTACK_PREVENTED,0x9b3c4d5e6f,Verified
2026-04-06T17:55:45,Node_036,API_ANOMALY_DETECTED,0x0c4d5e6f7g,Verified
2026-04-07T08:10:55,Node_147,SQL_INJECTION_BLOCKED,0x1d5e6f7g8h,Verified
2026-04-07T10:25:05,Node_061,DDoS_MITIGATION,0x2e6f7g8h9i,Verified
2026-04-07T12:40:15,Node_128,XSS_ATTACK_PREVENTED,0x3f7g8h9i0j,Verified
2026-04-07T14:55:25,Node_003,API_ANOMALY_DETECTED,0x4g8h9i0j1k,Verified
2026-04-07T16:10:35,Node_196,SQL_INJECTION_BLOCKED,0x5h9i0j1k2l,Verified
2026-04-08T09:25:45,Node_049,DDoS_MITIGATION,0x6i0j1k2l3m,Verified
2026-04-08T11:40:55,Node_137,XSS_ATTACK_PREVENTED,0x7j1k2l3m4n,Verified
2026-04-08T13:55:05,Node_028,API_ANOMALY_DETECTED,0x8k2l3m4n5o,Verified
2026-04-08T15:10:15,Node_161,SQL_INJECTION_BLOCKED,0x9l3m4n5o6p,Verified
2026-04-08T17:25:25,Node_015,DDoS_MITIGATION,0x0m4n5o6p7q,Verified
2026-04-09T08:40:35,Node_181,XSS_ATTACK_PREVENTED,0x1n5o6p7q8r,Verified
2026-04-09T10:55:45,Node_037,API_ANOMALY_DETECTED,0x2o6p7q8r9s,Verified
2026-04-09T12:10:55,Node_148,SQL_INJECTION_BLOCKED,0x3p7q8r9s0t,Verified
2026-04-09T14:25:05,Node_060,DDoS_MITIGATION,0x4q8r9s0t1u,Verified
2026-04-09T16:40:15,Node_129,XSS_ATTACK_PREVENTED,0x5r9s0t1u2v,Verified
2026-04-10T09:55:25,Node_002,API_ANOMALY_DETECTED,0x6s0t1u2v3w,Verified
2026-04-10T11:10:35,Node_197,SQL_INJECTION_BLOCKED,0x7t1u2v3w4x,Verified
2026-04-10T13:25:45,Node_050,DDoS_MITIGATION,0x8u2v3w4x5y,Verified
2026-04-10T15:40:55,Node_138,XSS_ATTACK_PREVENTED,0x9v3w4x5y6z,Verified
2026-04-10T17:55:05,Node_029,API_ANOMALY_DETECTED,0x0w4x5y6z1a,Verified
2026-04-11T08:10:15,Node_160,SQL_INJECTION_BLOCKED,0x1x5y6z1a2b,Verified
2026-04-11T10:25:25,Node_016,DDoS_MITIGATION,0x2y6z1a2b3c,Verified
2026-04-11T12:40:35,Node_180,XSS_ATTACK_PREVENTED,0x3z1a2b3c4d,Verified
2026-04-11T14:55:45,Node_038,API_ANOMALY_DETECTED,0x4a2b3c4d5e,Verified
2026-04-11T16:10:55,Node_149,SQL_INJECTION_BLOCKED,0x5b3c4d5e6f,Verified
2026-04-12T09:25:05,Node_059,DDoS_MITIGATION,0x6c4d5e6f7g,Verified
2026-04-12T11:40:15,Node_130,XSS_ATTACK_PREVENTED,0x7d5e6f7g8h,Verified
2026-04-12T13:55:25,Node_001,API_ANOMALY_DETECTED,0x8e6f7g8h9i,Verified
2026-04-12T15:10:35,Node_198,SQL_INJECTION_BLOCKED,0x9f7g8h9i0j,Verified
2026-04-12T17:25:45,Node_051,DDoS_MITIGATION,0x0g8h9i0j1k,Verified
2026-04-13T08:40:55,Node_139,XSS_ATTACK_PREVENTED,0x1h9i0j1k2l,Verified
2026-04-13T10:55:05,Node_030,API_ANOMALY_DETECTED,0x2i0j1k2l3m,Verified
2026-04-13T12:10:15,Node_159,SQL_INJECTION_BLOCKED,0x3j1k2l3m4n,Verified
2026-04-13T14:25:25,Node_017,DDoS_MITIGATION,0x4k2l3m4n5o,Verified
2026-04-13T16:40:35,Node_179,XSS_ATTACK_PREVENTED,0x5l3m4n5o6p,Verified
2026-04-14T09:55:45,Node_039,API_ANOMALY_DETECTED,0x6m4n5o6p7q,Verified
2026-04-14T11:10:55,Node_150,SQL_INJECTION_BLOCKED,0x7n5o6p7q8r,Verified
2026-04-14T13:25:05,Node_058,DDoS_MITIGATION,0x8o6p7q8r9s,Verified
2026-04-14T15:40:15,Node_131,XSS_ATTACK_PREVENTED,0x9p7q8r9s0t,Verified
2026-04-14T17:55:25,Node_002,API_ANOMALY_DETECTED,0x0q8r9s0t1u,Verified
2026-04-15T08:10:35,Node_199,SQL_INJECTION_BLOCKED,0x1r9s0t1u2v,Verified
2026-04-15T10:25:45,Node_052,DDoS_MITIGATION,0x2s0t1u2v3w,Verified
2026-04-15T12:40:55,Node_140,XSS_ATTACK_PREVENTED,0x3t1u2v3w4x,Verified
2026-04-15T14:55:05,Node_031,API_ANOMALY_DETECTED,0x4u2v3w4x5y,Verified
2026-04-15T16:10:15,Node_158,SQL_INJECTION_BLOCKED,0x5v3w4x5y6z,Verified
2026-04-16T09:25:25,Node_018,DDoS_MITIGATION,0x6w4x5y6z1a,Verified
2026-04-16T11:40:35,Node_178,XSS_ATTACK_PREVENTED,0x7x5y6z1a2b,Verified
2026-04-16T13:55:45,Node_040,API_ANOMALY_DETECTED,0x8y6z1a2b3c,Verified
2026-04-16T15:10:55,Node_151,SQL_INJECTION_BLOCKED,0x9z1a2b3c4d,Verified
2026-04-16T17:25:05,Node_057,DDoS_MITIGATION,0x0a2b3c4d5e,Verified
2026-04-17T08:40:15,Node_132,XSS_ATTACK_PREVENTED,0x1b3c4d5e6f,Verified
2026-04-17T10:55:25,Node_003,API_ANOMALY_DETECTED,0x2c4d5e6f7g,Verified
2026-04-17T12:10:35,Node_200,SQL_INJECTION_BLOCKED,0x3d5e6f7g8h,Verified
2026-04-17T14:25:45,Node_053,DDoS_MITIGATION,0x4e6f7g8h9i,Verified
2026-04-17T16:40:55,Node_141,XSS_ATTACK_PREVENTED,0x5f7g8h9i0j,Verified
2026-04-18T09:55:05,Node_032,API_ANOMALY_DETECTED,0x6g8h9i0j1k,Verified
2026-04-18T11:10:15,Node_157,SQL_INJECTION_BLOCKED,0x7h9i0j1k2l,Verified
2026-04-18T13:25:25,Node_019,DDoS_MITIGATION,0x8i0j1k2l3m,Verified
2026-04-18T15:40:35,Node_177,XSS_ATTACK_PREVENTED,0x9j1k2l3m4n,Verified
2026-04-18T17:55:45,Node_041,API_ANOMALY_DETECTED,0x0k2l3m4n5o,Verified
2026-04-19T08:10:55,Node_152,SQL_INJECTION_BLOCKED,0x1l3m4n5o6p,Verified
2026-04-19T10:25:05,Node_056,DDoS_MITIGATION,0x2m4n5o6p7q,Verified
2026-04-19T12:40:15,Node_133,XSS_ATTACK_PREVENTED,0x3n5o6p7q8r,Verified
2026-04-19T14:55:25,Node_004,API_ANOMALY_DETECTED,0x4o6p7q8r9s,Verified
2026-03-20T08:12:01,Node_001,SQL_INJECTION_BLOCKED,0x8f2d5a1b32,Verified
2026-03-20T10:15:22,Node_042,DDoS_MITIGATION,0x3e1a8f9c21,Verified
2026-03-20T12:01:45,Node_189,XSS_ATTACK_PREVENTED,0x9c4f1d7e33,Verified
2026-03-20T14:12:10,Node_077,API_ANOMALY_DETECTED,0x2b8e5c1a92,Verified
2026-03-20T16:45:33,Node_112,SQL_INJECTION_BLOCKED,0x5a1d9f0b22,Verified
2026-03-21T09:30:15,Node_005,DDoS_MITIGATION,0x4f1a9b2c3d,Verified
2026-03-21T11:45:20,Node_012,XSS_ATTACK_PREVENTED,0x7d3e2a1b9c,Verified
2026-03-21T13:10:05,Node_099,API_ANOMALY_DETECTED,0x1b4e2d3f91,Verified
2026-03-21T15:22:44,Node_154,SQL_INJECTION_BLOCKED,0x6c9f2b1a03,Verified
2026-03-21T17:50:12,Node_200,DDoS_MITIGATION,0x9f1a2b3c4d,Verified
202
